{
    "name": "root",
    "gauges": {
        "PlayGame.Policy.Entropy.mean": {
            "value": 0.9376590251922607,
            "min": 0.9299177527427673,
            "max": 1.3855291604995728,
            "count": 40
        },
        "PlayGame.Policy.Entropy.sum": {
            "value": 46479.7578125,
            "min": 46365.69921875,
            "max": 70428.8671875,
            "count": 40
        },
        "PlayGame.Step.mean": {
            "value": 1999923.0,
            "min": 49962.0,
            "max": 1999923.0,
            "count": 40
        },
        "PlayGame.Step.sum": {
            "value": 1999923.0,
            "min": 49962.0,
            "max": 1999923.0,
            "count": 40
        },
        "PlayGame.Policy.ExtrinsicValueEstimate.mean": {
            "value": 1.0334352254867554,
            "min": 0.20286297798156738,
            "max": 1.0334352254867554,
            "count": 40
        },
        "PlayGame.Policy.ExtrinsicValueEstimate.sum": {
            "value": 420.608154296875,
            "min": 113.60326385498047,
            "max": 445.5352783203125,
            "count": 40
        },
        "PlayGame.Environment.EpisodeLength.mean": {
            "value": 1297.7435897435898,
            "min": 181.94464944649445,
            "max": 1354.1081081081081,
            "count": 40
        },
        "PlayGame.Environment.EpisodeLength.sum": {
            "value": 50612.0,
            "min": 44973.0,
            "max": 53835.0,
            "count": 40
        },
        "PlayGame.Environment.CumulativeReward.mean": {
            "value": 132.35476405803973,
            "min": 17.066662838758138,
            "max": 137.8846157724793,
            "count": 40
        },
        "PlayGame.Environment.CumulativeReward.sum": {
            "value": 5161.83579826355,
            "min": 4506.995749771595,
            "max": 5399.020833969116,
            "count": 40
        },
        "PlayGame.Policy.ExtrinsicReward.mean": {
            "value": 132.35476405803973,
            "min": 17.066662838758138,
            "max": 137.8846157724793,
            "count": 40
        },
        "PlayGame.Policy.ExtrinsicReward.sum": {
            "value": 5161.83579826355,
            "min": 4506.995749771595,
            "max": 5399.020833969116,
            "count": 40
        },
        "PlayGame.Losses.PolicyLoss.mean": {
            "value": 0.0501633811454667,
            "min": 0.0380363046885274,
            "max": 0.05370730564573023,
            "count": 40
        },
        "PlayGame.Losses.PolicyLoss.sum": {
            "value": 0.0501633811454667,
            "min": 0.0380363046885274,
            "max": 0.10741461129146046,
            "count": 40
        },
        "PlayGame.Losses.ValueLoss.mean": {
            "value": 0.0038829961346967443,
            "min": 0.002663677557923923,
            "max": 0.04369562174785339,
            "count": 40
        },
        "PlayGame.Losses.ValueLoss.sum": {
            "value": 0.0038829961346967443,
            "min": 0.0035677852034344446,
            "max": 0.06801584664935945,
            "count": 40
        },
        "PlayGame.Policy.LearningRate.mean": {
            "value": 1.444148555949997e-06,
            "min": 1.444148555949997e-06,
            "max": 9.835800164200001e-05,
            "count": 40
        },
        "PlayGame.Policy.LearningRate.sum": {
            "value": 1.444148555949997e-06,
            "min": 1.444148555949997e-06,
            "max": 0.00019179430820570002,
            "count": 40
        },
        "PlayGame.Policy.Epsilon.mean": {
            "value": 0.10144405000000001,
            "min": 0.10144405000000001,
            "max": 0.198358,
            "count": 40
        },
        "PlayGame.Policy.Epsilon.sum": {
            "value": 0.10144405000000001,
            "min": 0.10144405000000001,
            "max": 0.3917943,
            "count": 40
        },
        "PlayGame.Policy.Beta.mean": {
            "value": 8.205809499999983e-05,
            "min": 8.205809499999983e-05,
            "max": 0.004918064200000001,
            "count": 40
        },
        "PlayGame.Policy.Beta.sum": {
            "value": 8.205809499999983e-05,
            "min": 8.205809499999983e-05,
            "max": 0.00959053557,
            "count": 40
        },
        "PlayGame.IsTraining.mean": {
            "value": 1.0,
            "min": 1.0,
            "max": 1.0,
            "count": 40
        },
        "PlayGame.IsTraining.sum": {
            "value": 1.0,
            "min": 1.0,
            "max": 1.0,
            "count": 40
        }
    },
    "metadata": {
        "timer_format_version": "0.1.0",
        "start_time_seconds": "1701283447",
        "python_version": "3.7.16 (default, Jan 17 2023, 16:06:28) [MSC v.1916 64 bit (AMD64)]",
        "command_line_arguments": "D:\\programs\\miniconda\\conda\\envs\\unity\\Scripts\\mlagents-learn PlayGame.yaml --force",
        "mlagents_version": "0.28.0",
        "mlagents_envs_version": "0.28.0",
        "communication_protocol_version": "1.5.0",
        "pytorch_version": "1.7.1+cu110",
        "numpy_version": "1.21.6",
        "end_time_seconds": "1701285817"
    },
    "total": 2369.4202945,
    "count": 1,
    "self": 0.07800490000045102,
    "children": {
        "run_training.setup": {
            "total": 0.06590260000000003,
            "count": 1,
            "self": 0.06590260000000003
        },
        "TrainerController.start_learning": {
            "total": 2369.276387,
            "count": 1,
            "self": 4.801848899957349,
            "children": {
                "TrainerController._reset_env": {
                    "total": 5.1725592,
                    "count": 1,
                    "self": 5.1725592
                },
                "TrainerController.advance": {
                    "total": 2359.181478400043,
                    "count": 200088,
                    "self": 2.3183534000222608,
                    "children": {
                        "env_step": {
                            "total": 2356.863125000021,
                            "count": 200088,
                            "self": 2011.148561100085,
                            "children": {
                                "SubprocessEnvManager._take_step": {
                                    "total": 343.07725519991317,
                                    "count": 200088,
                                    "self": 11.037787999871796,
                                    "children": {
                                        "TorchPolicy.evaluate": {
                                            "total": 332.0394672000414,
                                            "count": 200088,
                                            "self": 68.70993270009546,
                                            "children": {
                                                "TorchPolicy.sample_actions": {
                                                    "total": 263.3295344999459,
                                                    "count": 200088,
                                                    "self": 263.3295344999459
                                                }
                                            }
                                        }
                                    }
                                },
                                "workers": {
                                    "total": 2.637308700022518,
                                    "count": 200088,
                                    "self": 0.0,
                                    "children": {
                                        "worker_root": {
                                            "total": 2358.2334390999717,
                                            "count": 200088,
                                            "is_parallel": true,
                                            "self": 1071.62973679993,